Player,Pos,School,Ht,Wt,40yd,Vertical,Bench,Broad Jump,3Cone,Shuttle
Husain Abdullah,S,Washington State,6-0,204,4.63,32.5,16,115,7.07,
Jamar Adams,S,Michigan,6-2,212,4.59,34.0,,121,6.90,4.49
Xavier Adibi,OLB,Virginia Tech,6-2,232,4.69,30.0,,110,,4.47
Erik Ainge,QB,Tennessee,6-5,225,4.98,21.5,,108,7.51,4.60
Branden Albert,OG,Virginia,6-6,309,5.17,26.0,23,111,7.97,4.78
Steve Allen,ILB,West Texas A&M,6-0,236,4.87,,17,111,,
Anthony Alridge,RB,Houston,5-9,170,4.36,30.5,,134,6.88,
Danny Amendola,WR,Texas Tech,5-10,183,4.58,27.5,13,103,6.81,4.25
Adrian Arrington,WR,Michigan,6-3,203,4.55,,,,,
Donnie Avery,WR,Houston,5-11,192,4.43,,16,,,
Cliff Avril,OLB,Purdue,6-3,253,4.51,32.5,27,117,6.90,4.51
Sam Baker,OT,USC,6-5,309,5.50,,28,,,
Kentwan Balmer,DT,North Carolina,6-4,308,5.29,29.0,33,103,7.65,4.82
Dominique Barber,S,Minnesota,6-0,210,4.68,34.0,23,117,7.08,4.34
Gary Barnidge,TE,Louisville,6-6,243,4.61,31.0,22,117,6.92,4.23
Josh Barrett,S,Arizona State,6-2,223,4.34,31.5,17,121,7.07,4.27
Kirk Barton,OT,Ohio State,6-4,310,5.01,,34,,,
Beau Bell,ILB,UNLV,6-1,244,4.90,,25,,,
Demetress Bell,OT,Michigan State,6-5,303,5.18,26.5,9,109,7.65,4.65
Earl Bennett,WR,Vanderbilt,5-11,209,4.48,26.0,15,110,7.15,4.22
Martellus Bennett,TE,Texas A&M,6-6,259,4.68,34.0,18,118,7.64,4.53
Yvenson Bernard,RB,Oregon State,5-8,204,4.81,29.5,,112,7.22,4.73
Davone Bess,WR,Hawaii,5-10,194,4.64,31.5,12,118,6.97,4.27
Kroy Biermann,OLB,Montana,6-3,246,4.85,31.5,29,112,7.08,4.56
Adam Bishop,TE,Nevada,6-5,248,4.98,27.0,21,113,7.14,4.28
James Blair,OG,West. Michigan,6-3,323,5.28,23.5,28,103,8.44,5.33
Tommy Blake,DE,TCU,6-3,281,4.78,,,,,
Todd Blythe,WR,Iowa State,6-5,214,4.65,31.5,,118,6.92,4.23
Brian Bonner,S,TCU,5-11,196,4.61,31.0,17,113,7.21,4.43
Barry Booker,DT,Virginia Tech,6-4,285,5.06,,24,,,
John David Booty,QB,USC,6-2,218,4.82,22.5,,99,,4.58
Alvin Bowen,OLB,Iowa State,6-1,223,4.79,34.0,15,119,7.21,4.30
Adarius Bowman,WR,Oklahoma State,6-3,223,4.74,,14,,,
Zack Bowman,CB,Nebraska,6-0,197,4.39,30.5,18,122,7.10,4.21
Cory Boyd,RB,South Carolina,6-0,213,4.52,33.5,25,118,6.97,4.24
Mark Bradford,WR,Stanford,6-1,211,4.69,36.5,19,120,7.12,4.47
Tyvon Branch,CB,Connecticut,5-11,204,4.31,34.0,19,120,,4.40
Brandon Breazell,WR,UCLA,6-0,160,4.41,30.5,,115,6.97,
Colt Brennan,QB,Hawaii,6-2,207,4.79,,,,,
Alex Brink,QB,Washington State,6-2,211,4.96,28.0,,112,7.22,4.19
Brian Brohm,QB,Louisville,6-3,230,4.81,30.0,,115,7.13,4.55
Durant Brooks,P,Georgia Tech,6-0,204,5.20,,,,,
Travis Brown,WR,New Mexico,6-2,202,4.49,30.0,13,120,7.18,4.38
Duane Brown,OT,Virginia Tech,6-4,315,5.07,27.5,24,105,7.58,4.52
Thomas Brown,RB,Georgia,5-8,204,4.51,36.0,25,128,7.17,
Titus Brown,OLB,Mississippi State,6-2,246,4.82,,18,,,
Dorien Bryant,WR,Purdue,5-10,174,4.49,,,119,6.88,4.24
Red Bryant,DT,Texas A&M,6-4,318,5.00,28.0,20,111,7.75,4.64
Tim Bugg,LS,Indiana,6-0,257,5.12,,17,,,
Keenan Burton,WR,Kentucky,6-0,201,4.44,38.5,10,125,6.77,4.20

Ezra Butler,OLB,Nevada,6-1,245,4.65,,,,,
Andre Caldwell,WR,Florida,6-0,204,4.35,33.0,,124,6.75,4.11
Caleb Campbell,S,Army,6-2,229,4.57,,24,,,
Calais Campbell,DE,Miami (FL),6-8,290,5.04,29.5,16,111,7.45,4.69
John Carlson,TE,Notre Dame,6-5,251,4.88,30.5,20,113,7.12,4.28
Art Carmody,K,Louisville,5-9,177,5.12,,,,,
Antoine Cason,CB,Arizona,6-0,191,4.45,35.5,20,128,,4.08
Simeon Castille,S,Alabama,6-0,195,4.63,31.5,,119,7.07,4.36
Jehuu Caulcrick,FB,Michigan State,6-0,254,4.69,33.0,16,109,7.40,4.72
Jamaal Charles,RB,Texas,5-11,200,4.38,30.5,,122,6.80,4.22
Gosder Cherilus,OT,Boston Col.,6-6,314,5.14,23.0,24,102,7.60,4.82
Tashard Choice,RB,Georgia Tech,5-10,215,4.48,34.0,20,119,6.88,
Ryan Clady,OT,Boise State,6-6,309,5.18,,24,,,
Corey Clark,OT,Texas A&M,6-5,315,5.28,23.0,23,106,7.47,4.68
Devin Clark,OT,New Mexico,6-4,305,5.30,21.0,25,95,8.38,5.03
Joe Clermond,DE,Pittsburgh,6-2,249,5.15,25.5,20,107,7.61,4.73
Anthony Collins,OT,Kansas,6-5,317,5.54,22.5,26,97,7.71,4.87
Dan Connor,ILB,Penn State,6-2,231,4.67,,,,,
Brad Cottam,TE,Tennessee,6-7,270,4.63,33.0,24,,,
Oniel Cousins,OT,Texas-El Paso,6-4,308,5.11,24.5,23,107,7.90,4.80
Shawn Crable,OLB,Michigan,6-5,245,4.61,28.0,29,111,7.29,4.55
Angelo Craig,OLB,Cincinnati,6-4,252,5.07,30.5,21,118,,
Andrew Crummey,OG,Maryland,6-5,299,5.32,,,,,
Bruce Davis,OLB,UCLA,6-3,252,4.78,29.0,19,109,7.34,4.47
Fred Davis,TE,USC,6-3,255,4.68,,24,,,
Kellen Davis,TE,Michigan State,6-6,262,4.59,28.0,22,118,7.25,4.38
Calvin Dawson,RB,La-Monroe,5-8,199,4.50,,,,,
Thomas DeCoud,S,California,6-1,207,4.50,35.5,,122,6.85,4.27
Quintin Demps,S,Texas-El Paso,6-0,206,4.39,31.5,16,110,,
Johnny Dingle,DE,West Virginia,6-1,265,4.95,,23,108,,
Dennis Dixon,QB,Oregon,6-3,195,4.58,,,,,
Marcus Dixon,DE,Kansas State,6-4,292,5.20,26.0,21,111,7.58,4.67
Jordon Dizon,OLB,Colorado,6-0,229,4.71,30.5,,118,7.01,4.35
Glenn Dorsey,DT,LSU,6-1,297,5.12,,,,,
Lionel Dotson,DT,Arizona,6-4,296,5.38,25.0,,99,7.62,4.75
Early Doucet,WR,LSU,6-0,209,4.59,,,,,
Harry Douglas,WR,Louisville,5-11,176,4.51,31.0,,120,6.57,4.12
Mike Dragosavich,P,North Dakota State,6-5,212,4.85,,,,,
Franklin Dunbar,OT,Middle Tennessee State,6-5,327,5.58,24.5,27,101,8.36,5.18
Jo-Lonn Dunbar,ILB,Boston Col.,6-0,231,4.79,27.0,19,112,,
King Dunlap,OT,Auburn,6-8,310,5.28,,21,,,
Chris Ellis,DE,Virginia Tech,6-4,263,4.71,27.0,,109,7.64,4.65
Sedrick Ellis,DT,USC,6-0,309,5.26,26.5,34,105,7.78,4.73
De'Cody Fagg,WR,Florida State,6-1,211,4.61,,,,,
Robert Felton,OG,Arkansas,6-4,315,5.51,23.0,22,98,8.08,4.84
Jerome Felton,FB,Furman,6-0,241,4.68,32.5,30,110,7.20,4.46
Derek Fine,TE,Kansas,6-3,251,4.83,29.0,24,115,6.80,4.19
Joe Jon Finley,TE,Oklahoma,6-6,254,4.85,,22,,,
Jermichael Finley,TE,Texas,6-4,243,4.82,27.5,20,117,7.15,4.38
Joe Flacco,QB,Pittsburgh,6-6,236,4.84,28.5,,110,6.82,4.27

Brandon Flowers,CB,Virginia Tech,5-10,189,4.55,30.0,14,117,,
Andre Fluellen,DT,Florida State,6-2,296,5.00,,28,,,
Matt Flynn,QB,LSU,6-2,231,4.79,28.0,,109,7.21,4.34
Wilrey Fontenot,CB,Arizona,5-9,171,4.40,34.0,18,128,7.29,4.26
Justin Forsett,RB,California,5-8,194,4.62,26.5,26,112,6.96,
Matt Forte,RB,Tulane,6-1,217,4.44,33.0,23,118,6.84,4.23
Will Franklin,WR,Missouri,6-0,214,4.37,34.5,,,,
Pierre Garcon,WR,Mount Union,6-0,210,4.42,36.5,20,125,6.90,4.19
Curtis Gatewood,OLB,Vanderbilt,6-2,248,4.72,28.5,22,111,6.90,4.22
Jeremy Geathers,DE,UNLV,6-2,256,4.96,28.0,29,105,7.28,4.49
Vernon Gholston,DE,Ohio State,6-3,266,4.65,35.5,37,125,7.12,4.40
Breno Giacomini,OT,Louisville,6-7,303,5.20,22.5,23,108,7.56,4.63
Mike Gibson,OG,California,6-3,305,5.27,27.0,31,110,7.21,4.64
Wallace Gilberry,DE,Alabama,6-2,268,4.98,,19,,,
Charles Godfrey,CB,Iowa,6-0,207,4.43,32.5,14,121,7.28,4.40
Jonathan Goff,ILB,Vanderbilt,6-2,245,4.63,31.5,28,118,6.86,4.26
Tavares Gooden,ILB,Miami (FL),6-1,234,4.62,35.0,22,118,,
Michael Grant,CB,Arkansas,5-10,186,4.37,30.5,14,116,7.08,4.10
Larry Grant,OLB,Ohio State,6-1,235,4.76,31.5,20,113,6.77,4.22
John Greco,OT,Toledo,6-5,305,5.29,26.0,30,108,8.03,4.82
BenJarvus Green-Ellis,RB,Mississippi,5-11,219,4.60,30.5,24,114,,
Ryan Grice-Mullen,WR,Hawaii,5-10,187,4.53,27.5,17,118,6.91,4.16
Marcus Griffin,S,Texas,5-10,201,4.69,31.5,13,119,7.09,4.32
Quentin Groves,OLB,Auburn,6-3,259,4.53,29.5,30,120,7.31,4.42
Letroy Guion,DT,Florida State,6-3,303,5.31,,26,,,
Gary Guyton,OLB,Georgia Tech,6-2,245,4.47,36.5,15,126,7.07,4.42
David Hale,OT,Weber State,6-6,314,5.27,26.0,25,100,7.69,4.75
Vince Hall,ILB,Virginia Tech,5-11,232,4.89,,,,,
D.J. Hall,WR,Alabama,6-2,193,4.54,29.5,,122,,
James Hardy,WR,Indiana,6-5,217,4.45,31.5,18,125,6.84,4.20
Justin Harper,WR,Virginia Tech,6-3,213,4.56,28.5,,120,7.03,4.43
Chris Harrington,DE,Texas A&M,6-4,264,4.84,,21,117,,
Marcus Harrison,DT,Arkansas,6-3,317,5.06,,26,,,
Mike Hart,RB,Michigan,5-9,206,4.69,28.0,23,110,,
Derrick Harvey,DE,Florida,6-5,271,4.84,28.5,31,113,7.27,4.36
Lavelle Hawkins,WR,California,5-11,187,4.57,,14,117,,
Nick Hayden,DT,Wisconsin,6-4,291,5.14,27.0,34,108,7.55,4.54
Geno Hayes,OLB,Florida State,6-1,226,4.64,26.5,22,116,7.22,4.48
Joey Haynos,TE,Maryland,6-8,259,4.87,30.5,17,123,6.92,4.42
Jonathan Hefney,S,Tennessee,5-8,190,4.52,29.0,14,117,7.10,4.44
Erin Henderson,OLB,Maryland,6-3,244,4.73,31.0,23,113,7.16,4.50
Chad Henne,QB,Michigan,6-3,230,4.92,25.5,,106,7.17,4.40
Marcus Henry,WR,Kansas,6-4,207,4.55,31.5,,126,7.08,4.30
Jacob Hester,FB,LSU,5-11,226,4.61,27.5,23,111,6.85,4.24
Ali Highsmith,OLB,LSU,6-0,230,4.95,26.5,,112,7.40,4.29
Lex Hilliard,FB,Montana,5-11,231,4.68,32.0,,122,7.01,4.20
Peyton Hillis,FB,Arkansas,6-1,240,4.64,30.5,26,117,7.15,
Tony Hills,OT,Texas,6-5,309,5.16,,,,,
Louis Holmes,DE,Arizona,6-4,263,4.84,32.5,,121,7.33,
Chris Horton,S,UCLA,6-0,212,4.54,28.5,14,109,7.34,4.35

Marcus Howard,OLB,Georgia,6-0,237,4.45,34.5,27,,,
Paul Hubbard,WR,Wisconsin,6-3,221,4.49,29.5,15,126,,
Mike Humpal,OLB,Iowa,6-2,244,4.82,31.0,20,119,7.07,4.25
Jack Ikegwuonu,CB,Wisconsin,5-10,194,4.44,,,,,
Kenny Iwebema,DE,Iowa,6-4,274,4.91,29.0,26,109,7.62,4.75
Chevis Jackson,CB,LSU,6-0,192,4.52,36.0,13,125,6.96,4.15
DeSean Jackson,WR,California,5-10,169,4.35,,,120,,
Dexter Jackson,WR,Appalachian State,5-9,182,4.33,29.5,,122,6.81,4.38
Lawrence Jackson,DE,USC,6-4,271,4.82,31.0,31,108,7.08,4.40
Robert James,OLB,Arizona State,5-10,219,4.70,,22,,,
Darnell Jenkins,WR,Miami (FL),5-9,187,4.52,26.5,13,115,7.33,4.37
Mike Jenkins,CB,South Florida,5-10,197,4.38,34.0,18,117,7.21,4.40
Stevie Johnson,WR,Michigan State,6-2,210,4.46,32.5,,121,7.07,4.26
Chris Johnson,RB,East Carolina,5-11,197,4.24,35.0,,130,,
Curtis Johnson,OLB,Clark Atlanta,6-3,242,4.69,26.0,25,,,
Jaymar Johnson,WR,Jackson State,5-11,177,4.50,32.0,14,118,6.75,4.18
Josh Johnson,QB,San Diego,6-3,213,4.53,33.5,,110,7.56,4.42
Tyrell Johnson,S,Arkansas State,6-0,207,4.41,32.0,27,127,,
Felix Jones,RB,Arkansas,5-10,207,4.44,33.5,,124,6.90,4.19
Jason Jones,DE,East. Michigan,6-5,273,4.76,25.5,18,123,7.29,4.32
Steve Justice,C,Wake Forest,6-3,293,5.24,21.0,23,98,7.40,4.58
Kolo Kapanui,TE,West Texas A&M,6-3,271,5.06,26.5,23,107,7.42,4.66
Stanford Keglar,OLB,Purdue,6-2,239,4.58,34.0,29,126,6.70,3.98
Bryan Kehl,OLB,BYU,6-2,242,4.67,34.0,26,119,6.88,4.23
Brandon Keith,OT,New Mexico,6-5,343,5.27,26.0,31,,,
Sam Keller,QB,Nebraska,6-4,241,4.99,24.0,,107,7.07,4.35
Dustin Keller,TE,Purdue,6-2,242,4.53,38.0,26,131,6.88,4.14
Malcolm Kelly,WR,Oklahoma,6-4,224,4.68,,,,,
Dennis Keyes,S,UCLA,6-1,205,4.59,30.5,15,112,7.25,4.41
Justin King,CB,Penn State,5-11,192,4.31,34.0,14,127,7.14,4.31
Kendall Langford,DE,Kansas State,6-5,287,4.95,27.0,24,114,7.72,4.69
Spencer Larsen,ILB,Arizona,6-2,238,4.85,28.5,27,113,7.68,4.55
Andrew Larson,P,California,6-0,202,4.94,,,,,
Trevor Laws,DT,Notre Dame,6-1,304,5.09,30.5,35,103,7.37,4.49
Pat Lee,CB,Colorado,6-0,200,4.41,31.0,15,120,7.07,4.30
Jeremy Leman,ILB,Illinois,6-2,245,4.82,,26,,,
Kory Lichtensteiger,C,Bowling Green,6-2,298,5.25,23.0,,104,7.60,4.56
Rafael Little,RB,Kentucky,5-9,194,4.52,,8,,,
Curtis Lofton,ILB,Oklahoma,6-0,246,4.79,24.5,23,105,7.69,4.56
Chris Long,DE,Virginia,6-3,272,4.75,34.0,,124,7.02,4.21
Jake Long,OT,Michigan,6-7,313,5.22,27.5,37,102,7.44,4.73
Dwight Lowery,CB,San Jose State,5-11,201,4.54,33.5,16,116,7.31,4.38
Kregg Lumpkin,RB,Georgia,5-11,226,4.68,28.0,22,111,,
Mario Manningham,WR,Michigan,6-0,181,4.59,32.0,16,117,7.34,4.27
Durell Mapp,OLB,North Carolina,6-1,227,4.71,,27,,,
Bryan Mattison,DE,Iowa,6-3,290,5.05,24.5,26,112,7.61,4.70
Jerod Mayo,ILB,Tennessee,6-1,242,4.54,32.0,,114,7.31,4.29
Shaheer McBride,WR,Delaware State,6-1,205,4.61,29.0,,112,7.12,4.48
Jameel McClain,ILB,Syracuse,6-1,249,4.74,26.0,24,110,7.12,4.31
James McClinton,DT,Kansas,6-0,293,5.47,21.5,23,97,7.50,4.73

Chris McDuffie,OG,Clemson,6-4,330,5.30,,29,,,
Darren McFadden,RB,Arkansas,6-1,211,4.33,33.0,,128,,
Mike McGlynn,OG,Pittsburgh,6-4,311,5.38,23.0,30,101,7.58,4.72
Leodis McKelvin,CB,Troy,5-10,190,4.38,33.5,17,121,7.06,4.10
Justin McKinney,CB,Kansas State,5-9,188,4.53,29.5,11,109,,
Kalvin McRae,RB,Ohio,5-9,203,4.69,25.5,,109,,
Taylor Mehlhaff,K,Wisconsin,5-10,183,4.92,,13,,,
Rashard Mendenhall,RB,Illinois,5-10,225,4.41,33.5,26,117,,4.18
Phillip Merling,DE,Clemson,6-4,276,4.73,,17,,,
Ben Moffitt,ILB,South Florida,6-1,234,4.58,32.5,23,123,6.75,4.21
Antwaun Molden,CB,East. Kentucky,6-1,198,4.39,37.5,23,129,6.85,4.14
Marcus Monk,WR,Arkansas,6-4,222,4.56,34.5,9,119,7.08,4.30
Dre Moore,DT,Maryland,6-4,305,4.84,28.0,31,105,7.73,4.55
Evan Moore,TE,Stanford,6-6,233,4.74,27.0,16,110,7.08,4.43
Kenneth Moore,WR,Wake Forest,5-11,195,4.47,28.0,,120,7.09,4.30
Anthony Morelli,QB,Penn State,6-4,231,5.07,26.5,16,108,7.43,4.60
DaJuan Morgan,S,North Carolina State,6-0,205,4.50,33.0,21,119,7.12,4.41
Josh Morgan,WR,Virginia Tech,6-0,219,4.46,,,,,
Bernard Morris,QB,Marshall,6-3,223,4.68,24.5,18,109,,
Shawn Murphy,OG,Utah State,6-4,320,5.38,21.5,29,100,7.74,4.89
Jordy Nelson,WR,Kansas State,6-3,217,4.51,31.0,,123,7.03,4.35
Carl Nicks,OT,Nebraska,6-5,341,5.22,25.5,31,109,7.91,4.68
Kevin O'Connell,QB,San Diego State,6-5,225,4.61,31.0,,113,7.01,4.38
Steve Octavien,OLB,Nebraska,6-0,238,4.67,29.5,26,118,,
Frank Okam,DT,Texas,6-4,347,5.32,23.0,32,104,8.07,4.95
Adamm Oliver,DE,Georgia Tech,6-4,268,4.84,,29,,,
Xavier Omon,RB,Northwest Missouri State,5-11,228,4.52,31.0,17,112,,
Chase Ortiz,DE,TCU,6-2,249,4.90,29.5,24,108,7.03,4.23
T.C. Ostrander,QB,Stanford,6-2,227,4.92,,,,,
Jeff Otah,OT,Pittsburgh,6-6,322,5.55,22.5,27,102,,
D.J. Parker,S,Virginia Tech,5-11,192,4.59,29.0,19,111,6.94,4.44
Jalen Parmele,RB,Toledo,5-11,224,4.47,34.0,19,125,6.96,4.29
Allen Patrick,RB,Oklahoma,6-1,198,4.55,,,,,
Brian Paysinger,WR,Oregon,6-2,206,4.55,,,,,
Kenny Phillips,S,Miami (FL),6-2,212,4.48,32.5,19,121,6.97,4.27
Billy Pittman,WR,Texas,5-11,189,4.70,32.5,12,114,7.04,4.40
Mike Pollak,C,Arizona State,6-3,301,4.99,25.0,29,110,7.49,4.47
Tyler Polumbus,OT,Colorado,6-7,312,5.30,26.0,24,112,7.71,4.86
Tracy Porter,CB,Indiana,5-11,188,4.37,34.0,18,123,7.20,4.07
Carlton Powell,DT,Virginia Tech,6-2,292,5.10,22.5,23,108,7.78,4.87
DeMario Pressley,DT,North Carolina State,6-3,301,5.09,25.5,28,100,,
Maurice Purify,WR,Nebraska,6-3,224,4.50,28.5,,117,6.95,4.29
Chilo Rachal,OG,USC,6-5,315,5.16,25.5,28,108,8.01,5.14
Drew Radovich,OG,USC,6-4,301,5.33,23.0,21,108,7.47,4.53
Tim Reyer,P,Kansas State,5-11,205,5.05,,,,,
Darius Reynaud,WR,West Virginia,5-9,201,4.48,34.5,20,130,6.88,4.32
Ray Rice,RB,Rutgers,5-8,199,4.42,31.5,23,119,6.65,4.20
Jamey Richard,C,Buffalo,6-5,295,5.22,26.5,22,107,7.58,4.69
Matterral Richardson,CB,Arkansas,5-11,194,4.64,,14,114,7.01,4.36
Barry Richardson,OT,Clemson,6-7,320,5.45,25.5,24,100,8.00,5.16

Chad Rinehart,OG,New Mexico,6-5,320,5.42,28.5,26,106,7.84,4.56
Jason Rivers,WR,Hawaii,6-1,200,4.59,30.0,,118,7.03,4.32
Keith Rivers,OLB,USC,6-2,241,4.54,,24,,,
David Roach,S,TCU,6-0,210,4.53,38.0,16,123,6.88,4.15
Darrell Robertson,DE,Georgia Tech,6-4,255,4.76,,,,,
Kevin Robinson,WR,Utah State,5-11,202,4.69,27.5,,115,7.31,4.77
William Robinson,OT,San Diego State,6-5,297,5.23,19.5,22,,,
Dominique Rodgers-Cromartie,CB,Tennessee State,6-1,184,4.29,38.5,17,131,6.74,4.17
Eddie Royal,WR,Virginia Tech,5-10,184,4.39,36.0,24,124,7.07,4.34
Ahtyba Rubin,DT,Iowa State,6-3,315,5.20,28.0,35,106,8.05,5.00
Martin Rucker,TE,Missouri,6-5,251,4.75,,20,,,
Matt Ryan,QB,Boston Col.,6-5,228,4.89,,,,7.40,4.51
Lorne Sam,WR,Texas-El Paso,6-2,220,4.59,33.0,23,122,7.11,4.35
Tom Santi,TE,Virginia,6-3,250,4.80,36.0,14,121,7.08,4.27
Dantrell Savage,RB,Oklahoma State,5-8,187,4.53,32.5,13,117,,
Orlando Scandrick,CB,Boise State,5-10,192,4.32,33.5,,125,6.83,
Owen Schmitt,FB,West Virginia,6-2,247,4.73,,26,,,
Tyler Schmitt,LS,San Diego State,6-2,231,4.93,29.0,21,118,7.03,4.33
Roy Schuening,OG,Oregon State,6-4,306,5.29,25.0,26,,,
Geoff Schwartz,OT,Oregon,6-6,332,5.36,20.5,,98,7.90,4.79
Alexis Serna,K,Oregon State,5-6,170,4.62,,,,,
Glenn Sharpe,CB,Miami (FL),6-0,184,4.52,37.0,15,,,
Arman Shields,WR,Richmond,6-1,194,4.37,37.5,19,128,6.67,3.96
Jamie Silva,S,Boston Col.,5-11,204,4.78,31.5,,112,,
Chad Simpson,RB,South Florida,5-9,216,4.40,32.5,,124,,
Jerome Simpson,WR,Coastal Carolina,6-2,199,4.42,37.5,,136,7.08,4.52
Pat Sims,DT,Auburn,6-2,310,5.06,27.0,20,,,
Steve Slaton,RB,West Virginia,5-9,197,4.45,33.5,19,118,,
Dorian Smith,DE,Oregon State,6-1,264,5.06,27.5,24,105,7.52,4.73
Paul Smith,QB,Tulsa,6-1,208,4.95,26.5,,111,7.02,4.29
Bryan Smith,OLB,McNeese State,6-2,231,4.74,32.5,17,120,7.22,4.40
Kevin Smith,RB,Central Florida,6-1,217,4.53,32.0,,120,6.74,4.49
Marcus Smith,WR,New Mexico,6-1,221,4.51,26.5,20,111,7.10,4.42
Reggie Smith,CB,Oklahoma,6-0,199,4.61,,13,,,
Taj Smith,WR,Syracuse,6-0,187,4.59,35.0,,119,7.15,4.50
Pedro Sosa,OT,Rutgers,6-4,300,5.29,,19,,,
Matt Spanos,C,USC,6-5,317,5.47,22.5,,104,7.90,4.92
Craig Steltz,S,LSU,6-1,213,4.63,,,,,
Craig Stevens,TE,California,6-3,254,4.59,27.5,27,114,7.07,4.31
Carl Stewart,FB,Auburn,6-1,230,4.66,39.0,30,134,7.12,4.50
Jonathan Stewart,RB,Oregon,5-10,235,4.46,36.5,28,128,,
Darrell Strong,TE,Pittsburgh,6-4,268,4.78,25.0,17,110,6.86,4.36
John Sullivan,C,Notre Dame,6-3,301,5.35,30.0,21,103,7.62,4.55
Brandon Sumrall,CB,Southern Miss,5-10,195,4.60,30.5,,123,6.76,4.10
Limas Sweed,WR,Texas,6-4,215,4.48,35.0,,,,
Adam Tafralis,QB,San Jose State,6-1,221,4.78,32.0,,108,7.14,4.33
Aqib Talib,CB,Kansas,6-1,202,4.44,38.0,10,131,6.82,4.22
Jacob Tamme,TE,Kentucky,6-3,236,4.58,30.0,18,109,6.99,4.27
Darnell Terrell,CB,Missouri,6-2,203,4.46,34.0,15,125,,
Devin Thomas,WR,Michigan State,6-2,216,4.41,28.0,,126,7.15,4.26

Donald Thomas,OG,Connecticut,6-3,303,5.00,24.5,28,100,7.45,4.78
Marcus Thomas,RB,Texas-El Paso,6-0,213,4.59,30.0,21,116,,
Terrell Thomas,CB,USC,6-0,202,4.45,30.5,14,123,7.18,
Jeremy Thompson,DE,Wake Forest,6-4,264,4.75,32.0,25,117,6.97,4.23
Owen Tolson,P,Army,6-2,210,5.05,,,,,
Ryan Torain,RB,Arizona State,6-0,222,4.61,34.0,21,120,,
DeJuan Tribble,CB,Boston Col.,5-9,189,4.59,32.0,13,114,,
Justin Tryon,CB,Arizona State,5-9,190,4.42,32.5,21,119,7.41,4.28
Mario Urrutia,WR,Louisville,6-5,232,4.59,30.0,16,115,7.07,4.44
Marcus Walker,CB,Oklahoma,5-10,191,4.46,35.5,,122,6.80,4.07
Cody Wallace,C,Texas A&M,6-4,296,5.30,30.5,26,113,7.45,4.55
Nehemiah Warrick,S,Michigan State,6-1,211,4.51,29.5,16,119,6.98,4.09
Chauncey Washington,RB,USC,5-11,211,4.45,,,,,
Nick Watkins,OLB,Clemson,6-0,223,4.77,25.0,17,108,7.97,4.72
Joe West,WR,Texas-El Paso,6-1,213,4.52,32.0,20,113,6.96,4.33
Terrence Wheatley,CB,Colorado,5-10,187,4.37,36.5,17,128,6.74,4.17
Philip Wheeler,ILB,Georgia Tech,6-2,248,4.76,31.0,24,118,7.11,4.29
Jonathan Wilhite,CB,Auburn,5-9,185,4.38,33.5,20,119,,
Chris Williams,OT,Vanderbilt,6-6,315,5.13,25.0,21,103,7.95,4.85
Jack Williams,CB,Kent State,5-9,186,4.43,35.5,19,121,6.91,
Thomas Williams,ILB,USC,6-1,238,4.86,29.5,26,113,,
Trae Williams,CB,South Florida,5-9,193,4.51,29.5,,110,,
D.J. Wolfe,S,Oklahoma,5-11,207,4.61,28.0,,112,7.02,4.32
Andre Woodson,QB,Kentucky,6-4,229,4.85,,,,,
Wesley Woodyard,OLB,Kentucky,6-0,227,4.51,30.0,,118,7.15,4.25
Kyle Wright,QB,Miami (FL),6-3,218,4.85,25.5,,105,7.34,4.32
Eric Young,OG,East. Michigan,6-4,310,5.18,,,,,
Tom Zbikowski,S,Notre Dame,5-11,211,4.44,,24,,,
Jonathan Zenon,CB,LSU,6-0,191,4.48,33.0,,,,
Jeremy Zuttah,OT,Rutgers,6-3,303,4.99,26.5,35,107,7.59,4.54
