Player,Pos,School,Ht,Wt,40yd,Vertical,Bench,Broad Jump,3Cone,Shuttle
Kevin Akins,OLB,Boston Col.,6-2,218,4.73,31.5,15,117,6.78,4.15
Asher Allen,CB,Georgia,5-9,194,4.48,35.0,22,115,6.93,4.30
Roger Allen,OG,Missouri Western State,6-3,326,5.25,,,,,
Stanley Arnoux,ILB,Wake Forest,6-0,232,4.56,31.5,19,121,7.22,4.39
Robert Ayers,DE,Tennessee,6-3,272,4.77,29.5,18,102,7.56,4.51
Chris Baker,DT,Kansas State,6-2,326,4.94,35.5,24,106,8.06,4.90
Ramses Barden,WR,Cal Poly,6-6,229,4.51,33.5,17,118,,4.26
Kevin Barnes,CB,Maryland,6-0,187,4.45,38.5,,128,6.72,3.96
Connor Barwin,OLB,Cincinnati,6-4,256,4.47,40.5,21,128,6.87,4.18
Will Beatty,OT,Connecticut,6-6,307,5.06,33.5,27,107,7.62,4.77
Travis Beckum,TE,Wisconsin,6-3,243,4.61,,28,,,
Darry Beckwith,ILB,LSU,6-0,242,4.63,26.5,23,110,7.39,4.50
Joel Bell,OT,Furman,6-7,315,5.11,30.0,27,109,7.55,4.57
Kahlil Bell,RB,UCLA,5-11,212,4.74,34.5,15,114,6.87,4.20
Michael Bennett,DE,Texas A&M,6-3,274,4.86,31.0,24,110,,
Demonte' Bolden,DT,Tennessee,6-3,285,4.95,31.5,,109,7.50,4.78
Jason Boltus,QB,Hartwick,6-3,225,4.82,31.5,26,111,7.00,4.47
Rhett Bomar,QB,SMU,6-2,225,4.70,,25,106,6.91,4.06
Alex Boone,OT,Ohio State,6-7,328,5.16,27.5,33,103,7.83,4.69
Ron Brace,DT,Boston Col.,6-3,330,5.48,28.0,32,99,8.15,4.73
Tom Brandstater,QB,Fresno State,6-5,220,4.87,28.5,,106,6.93,4.37
Marquez Branson,FB,Central Arkansas,6-2,247,4.55,35.0,22,109,,
Justin Brantly,P,Texas A&M,6-3,249,4.83,,,,,
Robert Brewster,OT,Ball State,6-4,325,5.29,30.5,23,98,7.68,4.75
Travis Bright,OG,BYU,6-4,321,5.26,35.5,34,108,7.75,4.72
Jasper Brinkley,ILB,South Carolina,6-2,252,4.67,35.5,26,114,7.03,4.32
Kenny Britt,WR,Rutgers,6-3,218,4.47,37.0,23,124,,4.47
Eben Britton,OT,Arizona,6-6,309,5.14,28.5,24,100,7.87,4.91
Jared Bronson,TE,Central Washington,6-4,253,4.70,32.5,,116,7.15,4.33
Nathan Brown,QB,Central Arkansas,6-1,219,4.86,30.5,,106,7.43,4.44
Andre Brown,RB,North Carolina State,6-0,224,4.37,37.0,24,115,7.35,4.33
Cody Brown,OLB,Connecticut,6-2,244,4.76,36.5,26,120,7.10,4.40
Donald Brown,RB,Connecticut,5-10,210,4.46,41.5,,125,6.93,4.10
Everette Brown,DE,Florida State,6-1,256,4.65,31.5,26,114,7.55,4.53
Rob Bruggeman,C,Iowa,6-4,293,5.05,,30,,,
David Bruton,S,Notre Dame,6-2,219,4.40,41.5,19,132,6.60,4.28
David Buehler,K,USC,6-2,227,4.57,,25,,,
Joe Burnett,CB,Central Florida,5-9,192,4.58,35.5,22,118,6.68,4.25
Darius Butler,CB,Connecticut,5-10,183,4.41,43.0,,134,6.92,4.18
Deon Butler,WR,Penn State,5-10,182,4.31,34.5,12,118,7.01,4.48
Victor Butler,OLB,Oregon State,6-2,248,4.72,33.0,24,113,7.21,4.40
Jairus Byrd,CB,Oregon,5-10,207,4.68,,,,,
Demetrius Byrd,WR,LSU,6-0,199,4.35,31.5,,117,,
Gerald Cadogan,OT,Penn State,6-5,309,4.99,25.0,26,95,8.05,4.80
Antoine Caldwell,C,Alabama,6-3,309,5.24,28.0,23,111,7.96,5.04
Ian Campbell,DE,Kansas State,6-4,265,4.99,,,109,6.93,4.28
Trevor Canfield,OG,Cincinnati,6-4,307,5.28,,29,,,
Hunter Cantwell,QB,Louisville,6-4,235,5.22,26.0,,99,7.40,4.59
Don Carey,CB,Norfolk State,5-11,192,4.49,,18,,,
Rudy Carpenter,QB,Arizona State,6-2,218,4.89,29.0,11,100,7.25,4.47

James Casey,FB,Rice,6-3,246,4.69,36.0,28,111,7.00,4.48
Jonathan Casillas,OLB,Wisconsin,6-1,228,4.50,,24,,,
Jeremy Childs,WR,Boise State,6-0,200,4.47,33.5,,115,6.90,4.26
Patrick Chung,S,Oregon,5-11,212,4.49,34.0,25,119,,
Chris Clemons,S,Clemson,6-0,208,4.33,37.5,19,127,7.27,4.38
Glen Coffee,RB,Alabama,6-0,209,4.50,36.0,24,121,7.35,4.51
Chase Coffman,TE,Missouri,6-6,244,4.83,,,,,
Austin Collie,WR,BYU,6-1,200,4.53,34.0,17,120,6.78,4.24
Britton Colquitt,P,Tennessee,6-3,205,4.89,,,,,
Jason Cook,FB,Mississippi,5-11,244,4.71,,21,,,
Emanuel Cook,S,South Carolina,5-10,197,4.57,35.0,18,116,,
Jared Cook,TE,South Carolina,6-5,246,4.49,41.0,23,123,,
Jon Cooper,C,Oklahoma,6-2,291,5.09,29.5,31,105,7.46,4.60
Quan Cosby,WR,Texas,5-9,196,4.50,,,,7.28,4.47
Michael Crabtree,WR,Texas Tech,6-1,215,4.54,,,,,
Aaron Curry,OLB,Wake Forest,6-2,254,4.52,37.0,25,124,7.15,4.51
Brian Cushing,OLB,USC,6-3,243,4.64,35.0,30,120,6.84,4.22
Chase Daniel,QB,Missouri,6-0,218,4.79,33.0,,,7.28,4.31
Rulon Davis,DE,California,6-5,281,5.00,30.0,20,111,,
C.J. Davis,OG,Pittsburgh,6-2,308,5.51,25.5,21,88,8.09,4.93
James Davis,RB,Clemson,5-11,218,4.45,32.0,17,109,7.15,4.37
Nate Davis,QB,Ball State,6-1,226,4.95,26.5,,99,,
Vontae Davis,CB,Illinois,5-11,203,4.40,36.0,25,125,6.75,4.07
Will Davis,DE,Illinois,6-2,261,4.84,33.0,27,115,7.38,4.45
Louis Delmas,S,West. Michigan,5-11,202,4.52,37.0,12,126,6.67,4.17
Jarett Dillard,WR,Rice,5-10,191,4.50,42.5,13,129,7.10,4.41
Davon Drew,TE,East Carolina,6-4,256,4.78,29.5,17,113,7.28,4.56
Dominique Edison,WR,Stephen F. Austin,6-2,204,4.42,37.0,,120,,4.18
Pannel Egboh,DE,Stanford,6-6,276,4.86,31.5,26,116,7.24,4.40
Dannell Ellerbe,ILB,Georgia,6-1,236,4.63,35.0,,118,7.00,4.23
Kevin Ellison,OLB,USC,6-1,227,4.75,,32,,,
Larry English,OLB,Northern Illinois,6-2,255,4.74,36.0,24,107,7.26,4.38
Maurice Evans,DE,Penn State,6-1,274,4.78,29.0,17,107,7.32,4.57
Paul Fanaika,OG,Arizona State,6-5,327,5.48,,15,,,
Marlon Favorite,DT,LSU,6-1,314,5.09,,26,,,
Ray Feinga,OG,BYU,6-4,337,5.32,,30,,,
Anthony Felder,ILB,California,6-2,233,4.69,,28,116,,
Robby Felix,C,Texas-El Paso,6-3,302,5.20,29.0,33,97,7.96,4.73
Tony Fiammetta,FB,Syracuse,6-0,245,4.58,34.0,30,112,7.31,4.49
Alex Fletcher,C,Stanford,6-2,297,5.39,28.0,30,96,7.78,4.65
Bradley Fletcher,CB,Iowa,6-0,196,4.44,38.5,20,122,7.04,4.29
Matt Fodge,P,Oklahoma State,6-0,193,4.93,,,,,
Moise Fokou,OLB,Maryland,6-1,233,4.65,31.0,12,121,7.09,4.28
Zack Follett,OLB,California,6-2,236,4.69,37.0,,117,7.31,
Arian Foster,RB,Tennessee,6-1,226,4.69,,23,,,
Brooks Foster,WR,North Carolina,6-0,211,4.44,,27,,,
Ramon Foster,OT,Tennessee,6-5,328,5.57,26.0,20,92,7.96,4.98
Coye Francies,CB,San Jose State,6-0,185,4.63,36.0,24,123,6.81,4.24
Marcus Freeman,OLB,Ohio State,6-1,239,4.51,37.0,30,113,6.98,4.12
Josh Freeman,QB,Kansas State,6-6,248,4.90,33.5,,119,7.11,4.43

Xavier Fulton,OT,Illinois,6-4,302,5.01,31.0,27,111,7.35,4.56
Graham Gano,K,Florida State,6-0,194,,,,,,
Juan Garcia,OG,Washington,6-2,307,5.28,25.0,34,93,8.00,4.87
Andrew Gardner,OT,Georgia Tech,6-7,304,4.96,,,,,
Dan Gay,OG,Baylor,6-4,308,5.48,22.5,18,86,8.67,5.42
Brandon Gibson,WR,Washington State,6-0,210,4.59,,,,,
Jarron Gilbert,DE,San Jose State,6-5,288,4.81,35.5,28,119,7.70,4.56
Cody Glenn,OLB,Nebraska,6-0,244,4.67,,25,,,
Mike Goodson,RB,Texas A&M,6-0,208,4.43,39.5,14,118,6.89,4.22
Adrian Grady,DT,Louisville,6-1,298,5.18,32.0,31,105,7.68,4.72
Tyronne Green,OG,Auburn,6-2,309,5.40,,22,,,
Courtney Greene,S,Rutgers,6-0,212,4.55,34.5,21,116,7.35,4.16
Shonn Greene,RB,Iowa,5-10,227,4.55,37.0,19,121,7.10,4.40
Sean Griffin,LS,Michigan,6-1,242,5.08,,14,,,
Dan Gronkowski,TE,Maryland,6-5,255,4.79,33.0,26,122,6.92,4.26
Michael Hamlin,S,Clemson,6-2,214,4.57,37.5,17,117,7.14,4.42
Cullen Harper,QB,Clemson,6-3,225,4.86,30.0,19,105,7.43,4.49
Graham Harrell,QB,Texas Tech,6-2,223,4.95,29.5,,98,7.45,4.56
Sunny Harris,DT,Michigan State,6-4,298,4.88,25.5,28,106,8.18,4.87
Cary Harris,CB,USC,5-11,187,4.66,,18,,,
Nic Harris,OLB,Oklahoma,6-2,234,4.83,31.5,15,109,7.05,4.37
Macho Harris,CB,Virginia Tech,5-11,198,4.46,33.5,,118,6.68,3.98
Brian Hartline,WR,Ohio State,6-2,195,4.49,34.5,,120,6.65,4.12
Percy Harvin,WR,Florida,5-11,192,4.39,,19,,,
Brett Helms,C,LSU,6-2,286,5.39,,25,,,
Darrius Heyward-Bey,WR,Maryland,6-2,210,4.30,38.5,16,126,6.80,4.18
Sammie Hill,DT,Colorado,6-4,329,5.12,28.0,27,109,7.89,4.97
Anthony Hill,TE,North Carolina State,6-5,262,4.84,30.5,21,107,7.31,4.56
P.J. Hill,RB,Wisconsin,5-10,222,4.63,,,,,
Stephen Hodge,OLB,TCU,6-0,234,4.59,35.0,22,115,7.21,4.34
Chase Holbrook,QB,New Mexico State,6-4,242,5.12,27.0,,108,7.93,4.65
Lendy Holmes,S,Oklahoma,6-0,206,4.65,32.0,16,112,7.28,4.32
Ziggy Hood,DT,Missouri,6-3,300,4.83,33.0,34,108,7.50,4.55
Brian Hoyer,QB,Michigan State,6-2,215,5.02,32.0,,109,7.10,4.42
Kevin Huber,P,Cincinnati,6-1,220,4.87,,,,,
Brandon Hughes,CB,Oregon State,5-10,182,4.40,36.5,8,128,6.90,4.23
Juaquin Iglesias,WR,Oklahoma,6-1,210,4.44,34.5,,116,,4.40
Cornelius Ingram,TE,Florida,6-4,245,4.68,33.0,21,,7.12,4.53
Jake Ingram,LS,Hawaii,6-3,232,4.90,,15,,,
Corvey Irvin,DT,Georgia,6-3,301,4.96,24.5,24,97,7.44,4.73
Greg Isdaner,OG,West Virginia,6-3,325,5.28,27.0,24,92,7.96,5.07
Mortty Ivy,ILB,West Virginia,6-1,248,4.78,25.5,18,104,7.35,4.75
Tyson Jackson,DE,LSU,6-4,296,4.94,28.5,,102,7.64,4.80
Tim Jamison,DE,Michigan,6-2,256,4.95,30.0,21,107,7.56,4.60
Ricky Jean-Francois,DT,LSU,6-3,295,5.19,26.0,25,93,,
Malcolm Jenkins,CB,Ohio State,6-0,204,4.51,33.0,15,124,6.59,4.08
Rashad Jennings,RB,Liberty,6-1,231,4.52,34.0,29,120,6.86,4.20
Peria Jerry,DT,Mississippi,6-2,299,4.98,,,,,
Taurus Johnson,WR,South Florida,6-0,206,4.49,35.5,18,121,7.37,4.24
Bruce Johnson,CB,Miami (FL),5-9,170,4.42,34.5,6,125,6.71,4.05

David Johnson,FB,Arkansas State,6-1,260,4.73,32.5,21,113,7.28,4.43
D.J. Johnson,CB,Jackson State,6-1,197,4.50,32.0,7,116,7.00,4.30
Gartrell Johnson,RB,Colorado State,5-10,219,4.67,34.0,20,114,,
Herman Johnson,OG,LSU,6-7,364,5.50,,21,,,
Ian Johnson,RB,Boise State,5-11,212,4.41,33.0,26,116,6.93,4.18
Jeremiah Johnson,RB,Oregon,5-9,209,4.57,35.0,20,115,,
Manuel Johnson,WR,Oklahoma,5-11,189,4.50,,,,,
Michael Johnson,DE,Georgia Tech,6-7,266,4.61,38.5,28,128,7.42,4.37
Quinn Johnson,FB,LSU,6-1,246,4.72,32.0,16,115,,
Rashad Johnson,S,Alabama,5-11,203,4.49,37.0,15,120,7.09,4.23
Aaron Kelly,WR,Clemson,6-4,204,4.49,38.0,11,119,7.25,4.45
Andy Kemp,OG,Wisconsin,6-5,313,5.35,25.5,23,91,7.86,4.86
Anthony Kimble,RB,Stanford,6-0,216,4.54,36.0,17,122,7.08,4.40
Mitch King,DT,Iowa,6-1,280,4.81,33.5,23,109,7.60,4.58
Terrance Knighton,DT,Temple,6-3,321,4.93,28.0,,103,7.90,4.78
Johnny Knox,WR,Abilene Christian,5-11,185,4.34,35.0,,122,6.81,4.15
Troy Kropog,OT,Tulane,6-5,309,5.30,30.0,21,100,7.65,4.84
Paul Kruger,DE,Utah,6-4,263,4.79,32.5,24,108,7.52,4.47
James Laurinaitis,ILB,Ohio State,6-2,244,4.72,33.0,22,115,6.93,4.24
Quinten Lawrence,WR,McNeese State,6-0,184,4.40,,20,,,
Andy Levitre,OG,Oregon State,6-3,305,5.33,30.5,23,103,,4.52
DeAndre Levy,OLB,Wisconsin,6-2,236,4.56,,19,119,,
Cornelius Lewis,OT,Tennessee State,6-3,332,5.22,24.5,29,90,,
Keenan Lewis,CB,Oregon State,6-1,208,4.47,33.5,19,123,,
Kyle Link,OT,McNeese State,6-5,305,5.45,,19,,,
Phil Loadholt,OT,Oklahoma,6-8,332,5.45,29.0,24,95,8.18,5.06
Marlon Lucky,RB,Nebraska,5-11,216,4.50,33.5,18,114,7.10,
Jonathan Luigs,C,Arkansas,6-4,301,5.14,31.0,26,99,7.69,4.79
Alex Mack,C,California,6-4,311,5.17,,,,,
Jeremy Maclin,WR,Missouri,6-0,198,4.43,,,,,
Alex Magee,DT,Purdue,6-3,298,4.82,29.5,30,103,7.52,4.55
Kaluka Maiava,OLB,USC,5-11,229,4.65,,30,110,6.98,4.20
Marcus Mailei,FB,Weber State,6-0,248,4.87,35.0,22,113,7.36,4.33
Brennan Marion,WR,Tulsa,5-11,187,4.52,,,,,
Sen'Derrick Marks,DT,Auburn,6-2,306,5.00,33.0,,,,
Orion Martin,DE,Virginia Tech,6-2,262,4.70,32.0,24,108,7.90,4.63
Sherrod Martin,CB,Troy,6-1,198,4.43,36.0,12,123,6.60,3.98
Jose Martinez,K,Texas-El Paso,5-9,197,4.96,,,,,
Mohamed Massaquoi,WR,Georgia,6-1,210,4.51,36.5,,127,,
Tim Masthay,P,Kentucky,6-1,198,4.80,,8,,,
Clay Matthews,OLB,USC,6-3,240,4.58,35.5,23,121,6.90,4.18
Rey Maualuga,ILB,USC,6-2,249,4.91,,23,83,,
Josh Mauga,ILB,Nevada,6-1,243,4.61,,,,,
Aaron Maybin,DE,Penn State,6-4,249,4.64,38.0,22,124,7.52,4.38
Darcel McBath,S,Texas Tech,6-0,198,4.53,38.0,14,119,6.80,4.16
Marcus McClinton,S,Kentucky,6-0,210,4.49,37.0,16,120,7.45,4.22
LeSean McCoy,RB,Pittsburgh,5-10,198,4.50,,,,,
Stephen McGee,QB,Texas A&M,6-3,225,4.61,33.0,,112,7.34,4.49
Ryan McKee,OT,Southern Miss,6-6,296,5.03,,,,,
Tyrone McKenzie,OLB,South Florida,6-2,243,4.76,,27,112,,

Scott McKillop,ILB,Pittsburgh,6-1,244,4.70,35.5,27,119,7.00,4.39
Kenny McKinley,WR,South Carolina,6-0,189,4.37,37.0,,113,6.96,4.10
Gerald McRath,ILB,Southern Miss,6-2,231,4.49,34.0,19,123,7.24,4.35
Andrew Means,WR,Indiana,6-1,214,4.36,34.5,12,116,6.85,4.21
Jamon Meredith,OT,South Carolina,6-5,304,4.99,28.0,31,105,8.01,4.82
Mike Mickens,CB,Cincinnati,5-11,184,4.53,,,,,
Mo Miller,OG,Michigan State,6-3,327,5.38,28.5,21,97,8.42,5.03
Roy Miller,DT,Texas,6-1,310,4.93,32.0,36,103,8.01,4.74
Khalif Mitchell,DT,East Carolina,6-5,318,5.04,30.0,30,109,7.45,4.71
Marko Mitchell,WR,Nevada,6-4,218,4.43,32.0,9,116,7.04,4.33
Fili Moala,DT,USC,6-4,305,5.07,30.5,25,100,,
Eugene Monroe,OT,Virginia,6-5,309,5.18,28.5,23,110,7.86,4.78
D.J. Moore,CB,Vanderbilt,5-9,192,4.56,39.5,17,118,7.01,4.28
Kyle Moore,DE,USC,6-5,272,4.76,30.5,22,105,7.40,4.47
William Moore,S,Missouri,6-0,221,4.49,37.0,16,123,6.81,4.26
Knowshon Moreno,RB,Georgia,5-11,217,4.50,35.5,25,115,6.84,4.27
Cameron Morrah,TE,California,6-3,244,4.61,32.5,24,115,6.99,4.36
Thomas Morstead,P,SMU,6-4,225,4.83,,19,,,
Ryan Mouton,CB,Hawaii,5-9,187,4.47,39.5,18,129,,
Captain Munnerlyn,CB,South Carolina,5-8,182,4.41,37.5,19,121,7.15,4.20
Louis Murphy,WR,Florida,6-2,203,4.32,,12,,,
Lydon Murtha,OT,Nebraska,6-7,306,4.82,35.0,25,110,7.06,4.34
Rob Myers,FB,Utah State,6-3,243,4.58,,,,,
Shawn Nelson,TE,Southern Miss,6-5,240,4.52,33.0,19,115,6.96,4.46
Hakeem Nicks,WR,North Carolina,6-1,212,4.51,36.0,,,,
Troy Nolan,S,Arizona State,6-0,206,4.58,31.5,12,117,7.06,4.30
Jordan Norwood,WR,Penn State,5-11,179,4.58,38.0,,119,6.80,4.20
Chris Ogbonnaya,RB,Texas,6-0,220,4.57,35.0,19,111,6.85,4.29
Kevin Ogletree,WR,Virginia,6-0,196,4.36,36.0,,122,6.67,4.08
Michael Oher,OT,Mississippi,6-4,309,5.16,30.5,21,103,7.81,4.60
Seth Olsen,OG,Iowa,6-5,306,5.23,24.5,23,90,7.59,4.70
Brian Orakpo,DE,Texas,6-3,263,4.63,39.5,31,,,
Branden Ore,RB,West Liberty,5-11,214,4.61,36.0,21,112,7.35,4.44
Greg Orton,WR,Purdue,6-3,207,4.61,38.0,22,125,6.90,4.33
Wopamo Osaisai,CB,Stanford,5-10,197,4.44,,14,,,
Chris Owens,CB,San Jose State,5-10,181,4.44,34.5,14,110,6.93,4.16
Curtis Painter,QB,Purdue,6-3,225,4.87,29.0,,102,7.00,4.48
Ryan Palmer,CB,Texas,5-8,190,4.54,36.5,16,121,7.12,4.29
Anthony Parker,OG,Tennessee,6-2,297,5.08,,24,,,
Augustus Parrish,OT,Kent State,6-4,302,5.29,,21,78,,
Bear Pascoe,TE,Fresno State,6-5,251,4.89,26.5,,107,7.65,4.55
Darius Passmore,WR,Marshall,6-0,188,4.46,33.5,,,,
Cedric Peerman,RB,Virginia,5-9,216,4.34,40.0,27,117,6.99,4.29
Derek Pegues,S,Mississippi State,5-10,199,4.54,36.0,23,119,7.08,4.30
Brandon Pettigrew,TE,Oklahoma State,6-5,263,4.80,33.0,22,118,7.12,4.37
Jason Phillips,ILB,TCU,6-1,239,4.60,34.0,20,120,,4.32
John Phillips,TE,Virginia,6-5,251,4.78,33.5,20,112,6.84,4.27
Zach Potter,DE,Nebraska,6-7,279,4.90,31.0,20,106,7.75,4.48
Jerraud Powers,CB,Auburn,5-9,188,4.43,36.5,15,122,7.09,4.08
Myron Pryor,DT,Kentucky,6-0,319,5.03,30.0,,107,8.16,4.75

Glover Quin,S,New Mexico,5-11,204,4.50,38.0,22,119,7.39,4.43
Richard Quinn,TE,North Carolina,6-4,264,4.88,32.5,24,119,7.50,4.62
B.J. Raji,DT,Boston Col.,6-1,337,5.12,32.0,33,103,7.90,4.69
Mike Reilly,QB,Central Washington,6-3,214,4.74,30.5,,109,6.76,4.11
Garrett Reynolds,OT,North Carolina,6-8,309,5.32,22.0,19,94,7.87,4.88
Darryl Richard,DT,Georgia Tech,6-2,303,5.08,25.5,17,,,
David Richmond,WR,San Jose State,6-2,197,4.59,36.5,,,,4.42
Javon Ringer,RB,Michigan State,5-9,205,4.50,34.0,23,115,6.87,4.11
Duke Robinson,OG,Oklahoma,6-5,329,5.32,,,,,
Lee Robinson,OLB,Alcorn State,6-2,249,4.71,32.5,24,113,7.57,4.67
Brian Robiskie,WR,Ohio State,6-3,209,4.46,37.5,,,6.72,4.19
Louie Sakoda,K,Utah,5-8,176,4.82,,,,,
Mark Sanchez,QB,USC,6-2,227,4.93,32.5,,116,7.06,4.21
Jamarca Sanford,S,Mississippi,5-10,214,4.43,33.5,29,116,7.02,4.20
Lydell Sargeant,CB,Penn State,5-9,190,4.48,35.0,15,117,7.00,4.21
Bernard Scott,RB,Abilene Christian,5-10,200,4.44,36.0,21,125,6.82,4.08
Darell Scott,DT,Clemson,6-3,312,4.92,30.5,29,107,8.28,4.84
Matt Shaughnessy,DE,Wisconsin,6-5,266,4.86,30.5,24,112,7.68,4.88
Kory Sheets,RB,Purdue,5-11,208,4.39,37.0,15,121,7.18,4.39
A.Q. Shipley,C,Penn State,6-1,304,5.19,31.0,33,100,7.46,4.40
Lawrence Sidbury,DE,Richmond,6-2,266,4.53,35.0,28,120,7.46,4.43
Clint Sintim,OLB,Virginia,6-3,256,4.75,34.5,,119,7.37,4.40
Matt Slauson,OG,Nebraska,6-5,316,5.26,34.0,,110,7.86,4.86
Alphonso Smith,CB,Wake Forest,5-9,193,4.47,34.0,13,125,7.09,4.38
Andre Smith,OT,Alabama,6-4,332,5.28,,,,,
DeAngelo Smith,CB,Cincinnati,5-11,194,4.50,31.5,17,109,7.27,4.35
Jason Smith,OT,Baylor,6-5,309,5.09,24.0,33,96,7.53,4.69
Sean Smith,CB,Utah,6-3,214,4.47,34.0,10,119,6.92,4.15
Brannan Southerland,FB,Georgia,6-0,242,4.69,38.0,28,120,7.40,4.40
Kory Sperry,TE,Colorado State,6-5,238,4.69,33.5,20,122,7.00,4.24
C.J. Spillman,S,Marshall,6-0,197,4.45,41.5,,122,7.05,4.33
Matthew Stafford,QB,Georgia,6-2,225,4.81,30.5,,107,7.06,4.47
Sammie Stroughter,WR,Oregon State,5-9,189,4.45,30.0,13,110,7.03,4.28
Stryker Sulak,DE,Missouri,6-4,251,4.63,31.0,22,113,7.31,4.58
Tyrell Sutton,RB,Northwestern,5-8,211,4.64,33.0,,114,6.94,4.32
Sam Swank,K,Wake Forest,6-0,193,4.95,,,,,
Nate Swift,WR,Nebraska,6-1,203,4.63,35.5,12,110,6.78,4.24
Brandon Tate,WR,North Carolina,6-0,183,4.52,,,,,
Terrance Taylor,DT,Michigan,6-0,306,5.08,30.0,37,104,7.78,5.06
Curtis Taylor,S,LSU,6-2,209,4.49,37.5,13,129,7.25,4.23
Jaimie Thomas,OG,Maryland,6-4,323,5.29,,20,,,
Mike Thomas,WR,Arizona,5-8,195,4.30,40.5,,126,6.65,4.28
Morgan Trent,CB,Michigan,6-1,193,4.50,38.0,23,127,7.05,4.01
Fenuki Tupou,OT,Oregon,6-5,314,5.20,25.5,24,94,8.33,5.02
Patrick Turner,WR,USC,6-5,223,4.59,,,,,
Brandon Underwood,S,Cincinnati,6-1,198,4.48,36.5,16,125,7.00,4.20
Tiquan Underwood,WR,Rutgers,6-1,184,4.31,41.5,7,129,6.62,4.11
Max Unger,C,Oregon,6-5,309,5.26,24.5,22,93,7.39,4.50
Kraig Urbik,OG,Wisconsin,6-5,328,5.25,24.0,29,94,7.87,4.89
Jose Valdez,OT,Arkansas,6-4,315,5.16,29.5,15,100,7.93,4.93

Louis Vasquez,OG,Texas Tech,6-5,333,5.22,,39,,,
Chip Vaughn,S,Wake Forest,6-1,221,4.42,37.0,21,125,7.03,4.12
David Veikune,DE,Hawaii,6-2,257,4.75,33.0,35,110,7.20,4.46
Brandon Walker,OG,Notre Dame,6-3,306,5.09,34.0,26,109,,5.07
Derek Walker,DE,Illinois,6-4,268,4.98,37.5,24,115,7.31,4.41
Vance Walker,DT,Georgia Tech,6-2,304,5.32,33.0,29,,,
Mike Wallace,WR,Mississippi,6-0,199,4.33,40.0,14,129,6.90,4.27
Donald Washington,CB,Ohio State,6-0,197,4.50,45.0,9,135,6.84,4.20
Jason Watkins,OT,Florida,6-6,318,5.51,24.5,18,90,7.89,5.03
Lardarius Webb,CB,Nicholls State,5-10,179,4.35,36.5,15,121,6.77,4.10
Beanie Wells,RB,Ohio State,6-1,235,4.38,33.5,25,128,,
Pat White,QB,West Virginia,6-0,197,4.55,35.0,,117,7.06,4.42
Otis Wiley,S,Michigan State,6-1,213,4.64,,,,,
Jaison Williams,WR,Oregon,6-4,237,4.47,35.5,14,118,7.37,4.56
Worrell Williams,ILB,California,5-11,240,4.75,35.0,23,111,,
Brandon Williams,DE,Texas Tech,6-2,261,4.78,33.0,,112,7.23,4.49
Derrick Williams,WR,Penn State,5-11,194,4.47,33.0,15,,,
Eddie Williams,FB,Idaho,6-1,239,4.79,,23,,,
Edwin Williams,C,Maryland,6-2,308,5.40,28.5,22,99,8.15,4.98
Javarris Williams,RB,Tennessee State,5-9,223,4.51,33.5,25,116,,
Drew Willy,QB,Buffalo,6-3,215,4.90,30.5,,109,7.18,4.45
John Parker Wilson,QB,Alabama,6-1,219,4.75,29.5,,105,7.53,4.59
Eric Wood,C,Louisville,6-4,310,5.19,30.5,30,99,7.56,4.51
Morris Wooten,ILB,Arizona State,6-0,231,5.00,,15,117,,
Jahi Word-Daniels,CB,Georgia Tech,6-0,197,4.59,35.5,24,122,,
DeAndre Wright,CB,New Mexico,5-11,198,4.52,34.5,17,122,7.00,4.44
Jarius Wynn,DE,Georgia,6-3,275,4.94,31.5,19,107,7.40,4.58
